	App	Translated_Review
440	21-Day Meditation Experience	Terrible! Not user-friendly like original app. Please give customers option both. I look forward navigating cumbersome app. Namaste!
441	21-Day Meditation Experience	Deeply disappointed. My free 21 days longer works. It asking high price meditations. I expect Oprah involved scam. I respect her.
442	21-Day Meditation Experience	Update 3.0 looks good. Would 5* without added pictures purchasing products taking space phone. All products already available making pictures redundant. Thanks experience.
443	21-Day Meditation Experience	"I guess can't please everyone... I loved update. I'm sure idea ""streamlined"" is, can't even read full title meditation trying use, theres problem. I love meditations themselves, comparing update update. The quality functionality like comparing apples oranges opinion. I'm sure looking wanted changes... feels completely mark."
444	21-Day Meditation Experience	This good ever I get notification phone stops meditation playing annoying I press play disturbs meditation. I prefer ed upgrade
445	21-Day Meditation Experience	I able listen 21 days past 2 frozen / crashed play. I liked upgrade point lot.
446	21-Day Meditation Experience	Love offers dislike intensely keeps playing episode episode hours end. Used stop selected finished, much better way.
447	21-Day Meditation Experience	Seems like update occurred, let access free meditation experience. Yesterday did, today matter try let me. Frustrating.
448	21-Day Meditation Experience	I'm 21 days FREE meditation attraction. At first I could see program free. But update keeps showing order continue I pay.
449	21-Day Meditation Experience	I Started Manifesting I want From 2nd Day My Meditation. I Wholeheartedly Thank Deepak ji Oprah Bringing This Excellent App. Highly Recommend it!!!
450	21-Day Meditation Experience	Great experience. User friendly navigation.
451	21-Day Meditation Experience	Cool
452	21-Day Meditation Experience	It would best crashing time. The new version keeps crashing every time I open app. I'm missing 21 day experiences ones I purchased I cannot access now. It's getting frustrating. Plus new version allow view daily meditation... Full Review
453	21-Day Meditation Experience	The 21-Day Meditations excellent addition daily meditation practice. Truly enjoy listening Oprah & Deepak. Short enough anytime, AM PM. It would merit 5-star ongoing glitch. I've uninstalled reinstalled fixed it. When... Full Review
454	21-Day Meditation Experience	"This glitchy phone. More often not, it'll say ""mediation failed load"" available. I've deleted reinstalled several times nothing seemed work. Frustrating!"
455	21-Day Meditation Experience	I love meditation sessions. Especially I love try meditation commit buying it! And great customer service. There couple reasons I give 4 stars: 1) They stopped supporting older OS smartphones lower end me... Full Review
456	21-Day Meditation Experience	Frozen Day 3...Things w we're moving along great I hit day 3 stuck there.now everyday returns back day.what waste time. New Year Same problem freezes minutes playing. . Anything calming trans-formative experience
457	21-Day Meditation Experience	Stressed I downloaded start time I got emails saying day expired within 5 days I already missed Day 1 I needed Day 2 day. Meditation individuals time frame... And I want pay deep thinker.... Full Review
458	21-Day Meditation Experience	"Update: Apr 21, 2018 - I love itl. Reliable consistent. Old review: 2015 Lately every night I shows ""unable library"" message I uninstal n 're-install nightly... Contacted support team told work. So... Bad .."
459	21-Day Meditation Experience	Great meditations. Two things I wish would improve on. 1) allow daily reminders items purchased library set time daily reminder. 2) writing journal, blank space scrolls. It would nice instructions scroll well, bc much r... Full Review
460	21-Day Meditation Experience	"This totally awesome.... little trouble times w wanted go back relisten ""rewind"" recording freaked & close & start"
461	21-Day Meditation Experience	Day 1&2 fine. But day 3 froze quarter way thru meditation. That's disruptive. I'd rather online version. Uninstalling.
462	21-Day Meditation Experience	Overall, easy use. Houses meditation programs I purchased place allows stream time. Makes participating 21-day programs breeze. Gave four stars hang becomes stuck sometimes.
463	21-Day Meditation Experience	Regular free meditations.. what's love?? They like 1/2 spiritual teaching 1/2 meditation. I've even bought quite few. Great value!
464	21-Day Meditation Experience	I enjoy using complete meditations anywhere, however 21-day meditation series allow journaling way online via desktop. This huge faux pas, strongly important part experience.
465	21-Day Meditation Experience	I problems reviewers mentioned. This working great. I love hearing Oprah Deepak's voice...so calming. It's great addition regular practice.
466	21-Day Meditation Experience	Love music & voices. I like I access ALL meditations 21 days. I missed trip & I can't access them.
467	21-Day Meditation Experience	Best App...hands down! I love variety sample meditations choose from. That mediation intro read prepare whats come. This duo dynamic (Oprah Deepak) force reckoned with...Thank helping become best sel... Full Review
468	21-Day Meditation Experience	The content great hard use, gives sense actions progressing seems outdated poorly made. The easier need updating. It's shame program good!
469	21-Day Meditation Experience	It extremely calming excellent method center day. It brings anxiety stress levels leading progressive, peaceful, energetic positive mindset. I highy recommended hard time reaching true desired level ... Full Review
470	21-Day Meditation Experience	Has paid library available plus lists free meditation offer. Easy keep track navigate. Does always allow listen downloaded meditations I internet. The free experience registers I get reminders I've missed experience. Thanks fix.
471	21-Day Meditation Experience	Love access meditations. After playing day, though, jumps back days starts replaying. Can fix glitch?
472	21-Day Meditation Experience	I know begin I asked 'whatever want call life force' I received answers. I imagine incredible positive creative flow meditations generate join together July 23. The unified field within us ... Full Review
473	21-Day Meditation Experience	"This good I updated it. Now I cannot access journal entries. It says ""Journal available meditation "" every day. Please fix"
474	21-Day Meditation Experience	I love app, quick & easy use, right size read. I.m able meditate anywhere w/o laptop. I don.t access email meditation experience, I handy app. I love 21 Day experience I get time. Thanks much.
475	21-Day Meditation Experience	I love and depend app. IN which journal would stay, 5 days access free meditations--still made significant positive impact life.
476	21-Day Meditation Experience	Nice work consistently. Had frequent glitches barring access journal parts content
477	21-Day Meditation Experience	Thank changing permissions access! When I done meditation I enjoy quiet...this auto plays another right away makes awful loud introduction next meditation. This happened night uses data I catch it. Please consider changing I rea... Full Review
478	21-Day Meditation Experience	Amazing meditation sessions. Only wish option keep expired. Currently shredding weight Oprah absolutely helping stay track keep accountable.
479	21-Day Meditation Experience	I've meditating Oprah Deepak using 21 day meditation experience several years now. Occasionally, topics practice resonated enough I've bought again. I look forward new 21 Day Experience enthusiasm excitement. They gui... Full Review
480	21-Day Meditation Experience	Terrible! Not user-friendly like original app. Please give customers option both. I look forward navigating cumbersome app. Namaste!
481	21-Day Meditation Experience	Deeply disappointed. My free 21 days longer works. It asking high price meditations. I expect Oprah involved scam. I respect her.
482	21-Day Meditation Experience	Update 3.0 looks good. Would 5* without added pictures purchasing products taking space phone. All products already available making pictures redundant. Thanks experience.
483	21-Day Meditation Experience	"I guess can't please everyone... I loved update. I'm sure idea ""streamlined"" is, can't even read full title meditation trying use, theres problem. I love meditations themselves, comparing update update. The quality functionality like comparing apples oranges opinion. I'm sure looking wanted changes... feels completely mark."
484	21-Day Meditation Experience	This good ever I get notification phone stops meditation playing annoying I press play disturbs meditation. I prefer ed upgrade
485	21-Day Meditation Experience	I able listen 21 days past 2 frozen / crashed play. I liked upgrade point lot.
486	21-Day Meditation Experience	Love offers dislike intensely keeps playing episode episode hours end. Used stop selected finished, much better way.
487	21-Day Meditation Experience	Seems like update occurred, let access free meditation experience. Yesterday did, today matter try let me. Frustrating.
488	21-Day Meditation Experience	I'm 21 days FREE meditation attraction. At first I could see program free. But update keeps showing order continue I pay.
489	21-Day Meditation Experience	I Started Manifesting I want From 2nd Day My Meditation. I Wholeheartedly Thank Deepak ji Oprah Bringing This Excellent App. Highly Recommend it!!!
490	21-Day Meditation Experience	Great experience. User friendly navigation.
491	21-Day Meditation Experience	Cool
492	21-Day Meditation Experience	It would best crashing time. The new version keeps crashing every time I open app. I'm missing 21 day experiences ones I purchased I cannot access now. It's getting frustrating. Plus new version allow view daily meditation... Full Review
493	21-Day Meditation Experience	The 21-Day Meditations excellent addition daily meditation practice. Truly enjoy listening Oprah & Deepak. Short enough anytime, AM PM. It would merit 5-star ongoing glitch. I've uninstalled reinstalled fixed it. When... Full Review
494	21-Day Meditation Experience	"This glitchy phone. More often not, it'll say ""mediation failed load"" available. I've deleted reinstalled several times nothing seemed work. Frustrating!"
495	21-Day Meditation Experience	I love meditation sessions. Especially I love try meditation commit buying it! And great customer service. There couple reasons I give 4 stars: 1) They stopped supporting older OS smartphones lower end me... Full Review
496	21-Day Meditation Experience	Frozen Day 3...Things w we're moving along great I hit day 3 stuck there.now everyday returns back day.what waste time. New Year Same problem freezes minutes playing. . Anything calming trans-formative experience
497	21-Day Meditation Experience	Stressed I downloaded start time I got emails saying day expired within 5 days I already missed Day 1 I needed Day 2 day. Meditation individuals time frame... And I want pay deep thinker.... Full Review
498	21-Day Meditation Experience	"Update: Apr 21, 2018 - I love itl. Reliable consistent. Old review: 2015 Lately every night I shows ""unable library"" message I uninstal n 're-install nightly... Contacted support team told work. So... Bad .."
499	21-Day Meditation Experience	Great meditations. Two things I wish would improve on. 1) allow daily reminders items purchased library set time daily reminder. 2) writing journal, blank space scrolls. It would nice instructions scroll well, bc much r... Full Review
500	21-Day Meditation Experience	"This totally awesome.... little trouble times w wanted go back relisten ""rewind"" recording freaked & close & start"
501	21-Day Meditation Experience	Day 1&2 fine. But day 3 froze quarter way thru meditation. That's disruptive. I'd rather online version. Uninstalling.
502	21-Day Meditation Experience	Overall, easy use. Houses meditation programs I purchased place allows stream time. Makes participating 21-day programs breeze. Gave four stars hang becomes stuck sometimes.
503	21-Day Meditation Experience	Regular free meditations.. what's love?? They like 1/2 spiritual teaching 1/2 meditation. I've even bought quite few. Great value!
504	21-Day Meditation Experience	I enjoy using complete meditations anywhere, however 21-day meditation series allow journaling way online via desktop. This huge faux pas, strongly important part experience.
505	21-Day Meditation Experience	I problems reviewers mentioned. This working great. I love hearing Oprah Deepak's voice...so calming. It's great addition regular practice.
506	21-Day Meditation Experience	Love music & voices. I like I access ALL meditations 21 days. I missed trip & I can't access them.
507	21-Day Meditation Experience	Best App...hands down! I love variety sample meditations choose from. That mediation intro read prepare whats come. This duo dynamic (Oprah Deepak) force reckoned with...Thank helping become best sel... Full Review
508	21-Day Meditation Experience	The content great hard use, gives sense actions progressing seems outdated poorly made. The easier need updating. It's shame program good!
509	21-Day Meditation Experience	It extremely calming excellent method center day. It brings anxiety stress levels leading progressive, peaceful, energetic positive mindset. I highy recommended hard time reaching true desired level ... Full Review
510	21-Day Meditation Experience	Has paid library available plus lists free meditation offer. Easy keep track navigate. Does always allow listen downloaded meditations I internet. The free experience registers I get reminders I've missed experience. Thanks fix.
511	21-Day Meditation Experience	Love access meditations. After playing day, though, jumps back days starts replaying. Can fix glitch?
512	21-Day Meditation Experience	I know begin I asked 'whatever want call life force' I received answers. I imagine incredible positive creative flow meditations generate join together July 23. The unified field within us ... Full Review
513	21-Day Meditation Experience	"This good I updated it. Now I cannot access journal entries. It says ""Journal available meditation "" every day. Please fix"
514	21-Day Meditation Experience	Simple, easy use, unnecessarily wastes time... A good investment time, personal growth.
515	21-Day Meditation Experience	I love app, quick & easy use, right size read. I.m able meditate anywhere w/o laptop. I don.t access email meditation experience, I handy app. I love 21 Day experience I get time. Thanks much.
516	21-Day Meditation Experience	I love and depend app. IN which journal would stay, 5 days access free meditations--still made significant positive impact life.
517	21-Day Meditation Experience	Nice work consistently. Had frequent glitches barring access journal parts content
518	21-Day Meditation Experience	Thank changing permissions access! When I done meditation I enjoy quiet...this auto plays another right away makes awful loud introduction next meditation. This happened night uses data I catch it. Please consider changing I rea... Full Review
519	21-Day Meditation Experience	Amazing meditation sessions. Only wish option keep expired. Currently shredding weight Oprah absolutely helping stay track keep accountable.
